{
  "project_info": {
    "project_number": "366071902102",
    "firebase_url": "https://hospitalbees.firebaseio.com",
    "project_id": "hospitalbees",
    "storage_bucket": "hospitalbees.appspot.com"
  },
  "client": [
    {
      "client_info": {
        "mobilesdk_app_id": "1:366071902102:android:b261f0ad12b5f7d1",
        "android_client_info": {
          "package_name": "com.example.android.hospitalbees_notification"
        }
      },
      "oauth_client": [
        {
          "client_id": "366071902102-rjh2ctgmrtq09c8u2hkgnj73qu6k53db.apps.googleusercontent.com",
          "client_type": 3
        }
      ],
      "api_key": [
        {
          "current_key": "AIzaSyB2b9IxDLL8byTFH1UezNv6Fi3VvrikG9k"
        }
      ],
      "services": {
        "analytics_service": {
          "status": 1
        },
        "appinvite_service": {
          "status": 1,
          "other_platform_oauth_client": []
        },
        "ads_service": {
          "status": 2
        }
      }
    },
    {
      "client_info": {
        "mobilesdk_app_id": "1:366071902102:android:1b8b1a45e4103c01",
        "android_client_info": {
          "package_name": "tomorrow.ntu.edu.sg.hospitalbees"
        }
      },
      "oauth_client": [
        {
          "client_id": "366071902102-rjh2ctgmrtq09c8u2hkgnj73qu6k53db.apps.googleusercontent.com",
          "client_type": 3
        }
      ],
      "api_key": [
        {
          "current_key": "AIzaSyB2b9IxDLL8byTFH1UezNv6Fi3VvrikG9k"
        }
      ],
      "services": {
        "analytics_service": {
          "status": 1
        },
        "appinvite_service": {
          "status": 1,
          "other_platform_oauth_client": []
        },
        "ads_service": {
          "status": 2
        }
      }
    }
  ],
  "configuration_version": "1"
}